amfi_code,Tracking_Error
148567,0.18797377271500346
120505,0.23266121743560642
120843,0.20653967537989154
100033,0.2249762864379556
120504,0.18729903509098153
